{
    "name": "aila_status",
    "roles": [
        "aila_status"
    ],
    "lookups": [
        "free-text",
        "keywords"
    ],
    "keywords": [
        {
            "keyword": "close",
            "synonyms": [
                "bye",
                "close",
                "see ya"
            ]
        },
        {
            "keyword": "open",
            "synonyms": [
                "hey",
                "hi",
                "open",
                "what's up"
            ]
        }
    ]
}
