{
    "utterances": [
        {
            "text": "bye eye lah",
            "entities": [
                {
                    "entity": "aila_status:aila_status",
                    "start": 0,
                    "end": 3,
                    "body": "bye",
                    "entities": []
                },
                {
                    "entity": "aila:aila",
                    "start": 4,
                    "end": 11,
                    "body": "eye lah",
                    "entities": []
                }
            ],
            "traits": [],
            "intent": "aila_status"
        },
        {
            "text": "dizziness and peeing a lot",
            "entities": [
                {
                    "entity": "symptom:symptom",
                    "start": 0,
                    "end": 10,
                    "body": "dizziness ",
                    "entities": []
                },
                {
                    "entity": "symptom:symptom",
                    "start": 14,
                    "end": 20,
                    "body": "peeing",
                    "entities": []
                }
            ],
            "traits": [],
            "intent": "ui_navigation"
        },
        {
            "text": "go back",
            "entities": [
                {
                    "entity": "ui:ui",
                    "start": 0,
                    "end": 7,
                    "body": "go back",
                    "entities": []
                }
            ],
            "traits": [],
            "intent": "ui_navigation"
        },
        {
            "text": "hey eye lah",
            "entities": [
                {
                    "entity": "aila:aila",
                    "start": 4,
                    "end": 11,
                    "body": "eye lah",
                    "entities": []
                },
                {
                    "entity": "aila_status:aila_status",
                    "start": 0,
                    "end": 4,
                    "body": "hey ",
                    "entities": []
                }
            ],
            "traits": [],
            "intent": "aila_status"
        },
        {
            "text": "next",
            "entities": [
                {
                    "entity": "ui:ui",
                    "start": 0,
                    "end": 4,
                    "body": "next",
                    "entities": []
                }
            ],
            "traits": [],
            "intent": "ui_navigation"
        }
    ]
}
