{
    "name": "symptom",
    "roles": [
        "symptom"
    ],
    "lookups": [
        "free-text",
        "keywords"
    ],
    "keywords": [
        {
            "keyword": "dizzy",
            "synonyms": [
                "dizziness",
                "dizzy",
                "vertigo"
            ]
        },
        {
            "keyword": "pee",
            "synonyms": [
                "pee",
                "peeing",
                "piss",
                "pissing",
                "urination"
            ]
        }
    ]
}
